id,code,type,parent_id/id,name,regos_code,joppd_code,local_tax_pct,iban
l10n_hr_joppd_city_municipality,SVI,view,,Gradovi i općine,,,,
l10n_hr_joppd_city_municipality_00000,00000,normal,l10n_hr_joppd_city_municipality, ,,,,
l10n_hr_joppd_city_municipality_00019,00019,normal,l10n_hr_joppd_city_municipality,ANDRIJAŠEVCI,19,19,8,HR1910010051700112008
l10n_hr_joppd_city_municipality_00027,00027,normal,l10n_hr_joppd_city_municipality,ANTUNOVAC,27,27,0,HR8410010051700212009
l10n_hr_joppd_city_municipality_00035,00035,normal,l10n_hr_joppd_city_municipality,BABINA GREDA,35,35,5,HR3110010051700312000
l10n_hr_joppd_city_municipality_00043,00043,normal,l10n_hr_joppd_city_municipality,BAKAR,43,43,0,HR4210010051700412003
l10n_hr_joppd_city_municipality_00051,00051,normal,l10n_hr_joppd_city_municipality,BALE (VALLE),51,51,1,HR6410010051700512002
l10n_hr_joppd_city_municipality_00060,00060,normal,l10n_hr_joppd_city_municipality,BARBAN,60,60,5,HR4810010051700612006
l10n_hr_joppd_city_municipality_00078,00078,normal,l10n_hr_joppd_city_municipality,BARILOVIĆ,78,78,0,HR9710010051700712004
l10n_hr_joppd_city_municipality_00086,00086,normal,l10n_hr_joppd_city_municipality,BAŠKA,86,86,0,HR6510010051700812005
l10n_hr_joppd_city_municipality_00094,00094,normal,l10n_hr_joppd_city_municipality,BAŠKA VODA,94,94,0,HR7110010051700912001
l10n_hr_joppd_city_municipality_00108,00108,normal,l10n_hr_joppd_city_municipality,BEBRINA,108,108,0,HR4410010051701012009
l10n_hr_joppd_city_municipality_00116,00116,normal,l10n_hr_joppd_city_municipality,BEDEKOVČINA,116,116,0,HR8810010051701112000
l10n_hr_joppd_city_municipality_00124,00124,normal,l10n_hr_joppd_city_municipality,BEDNJA,124,124,10,HR0210010051701212003
l10n_hr_joppd_city_municipality_00132,00132,normal,l10n_hr_joppd_city_municipality,BELI MANASTIR,132,132,5,HR2410010051701312002
l10n_hr_joppd_city_municipality_00159,00159,normal,l10n_hr_joppd_city_municipality,BELICA,159,159,0,HR5710010051701512004
l10n_hr_joppd_city_municipality_00167,00167,normal,l10n_hr_joppd_city_municipality,BELIŠĆE,167,167,7,HR2510010051701612005
l10n_hr_joppd_city_municipality_00175,00175,normal,l10n_hr_joppd_city_municipality,BENKOVAC,175,175,5,HR3110010051701712001
l10n_hr_joppd_city_municipality_00183,00183,normal,l10n_hr_joppd_city_municipality,BEREK,183,183,0,HR5810010051701812007
l10n_hr_joppd_city_municipality_00191,00191,normal,l10n_hr_joppd_city_municipality,BERETINEC,191,191,7,HR2610010051701912008
l10n_hr_joppd_city_municipality_00205,00205,normal,l10n_hr_joppd_city_municipality,BIBINJE,205,205,0,HR5910010051702012003
l10n_hr_joppd_city_municipality_00213,00213,normal,l10n_hr_joppd_city_municipality,BILJE,213,213,5,HR8110010051702112002
l10n_hr_joppd_city_municipality_00221,00221,normal,l10n_hr_joppd_city_municipality,BIOGRAD NA MORU,221,221,12,HR6510010051702212006
l10n_hr_joppd_city_municipality_00230,00230,normal,l10n_hr_joppd_city_municipality,BIZOVAC,230,230,3,HR1710010051702312004
l10n_hr_joppd_city_municipality_00248,00248,normal,l10n_hr_joppd_city_municipality,BJELOVAR,248,248,0,HR8210010051702412005
l10n_hr_joppd_city_municipality_00256,00256,normal,l10n_hr_joppd_city_municipality,BLATO,256,256,10,HR8810010051702512001
l10n_hr_joppd_city_municipality_00264,00264,normal,l10n_hr_joppd_city_municipality,BOGDANOVCI,264,264,0,HR1810010051702612007
l10n_hr_joppd_city_municipality_00272,00272,normal,l10n_hr_joppd_city_municipality,BOL,272,272,10,HR8310010051702712008
l10n_hr_joppd_city_municipality_00299,00299,normal,l10n_hr_joppd_city_municipality,BOROVO,299,299,6,HR9510010051702912000
l10n_hr_joppd_city_municipality_00302,00302,normal,l10n_hr_joppd_city_municipality,BOSILJEVO,302,302,0,HR3610010051703012002
l10n_hr_joppd_city_municipality_00329,00329,normal,l10n_hr_joppd_city_municipality,BOŠNJACI,329,329,0,HR6910010051703212004
l10n_hr_joppd_city_municipality_00337,00337,normal,l10n_hr_joppd_city_municipality,BRCKOVLJANI,337,337,3,HR3710010051703312005
l10n_hr_joppd_city_municipality_00345,00345,normal,l10n_hr_joppd_city_municipality,BRDOVEC,345,345,0,HR4310010051703412001
l10n_hr_joppd_city_municipality_00353,00353,normal,l10n_hr_joppd_city_municipality,BRESTOVAC,353,353,5,HR7010010051703512007
l10n_hr_joppd_city_municipality_00361,00361,normal,l10n_hr_joppd_city_municipality,BREZNICA,361,361,10,HR3810010051703612008
l10n_hr_joppd_city_municipality_00370,00370,normal,l10n_hr_joppd_city_municipality,BRINJE,370,370,10,HR0610010051703712009
l10n_hr_joppd_city_municipality_00388,00388,normal,l10n_hr_joppd_city_municipality,BROD MORAVICE,388,388,0,HR5010010051703812000
l10n_hr_joppd_city_municipality_00396,00396,normal,l10n_hr_joppd_city_municipality,BRODSKI STUPNIK,396,396,10,HR6110010051703912003
l10n_hr_joppd_city_municipality_00400,00400,normal,l10n_hr_joppd_city_municipality,BRTONIGLA-VERTENEGLIO,400,400,0,HR2910010051704012004
l10n_hr_joppd_city_municipality_00418,00418,normal,l10n_hr_joppd_city_municipality,BUDINŠČINA,418,418,0,HR9410010051704112005
l10n_hr_joppd_city_municipality_00426,00426,normal,l10n_hr_joppd_city_municipality,BUJE (BUIE),426,426,6,HR0310010051704212001
l10n_hr_joppd_city_municipality_00434,00434,normal,l10n_hr_joppd_city_municipality,BUZET,434,434,6,HR3010010051704312007
l10n_hr_joppd_city_municipality_00442,00442,normal,l10n_hr_joppd_city_municipality,CERNA,442,442,5,HR9510010051704412008
l10n_hr_joppd_city_municipality_00469,00469,normal,l10n_hr_joppd_city_municipality,CERNIK,469,469,10,HR1010010051704612000
l10n_hr_joppd_city_municipality_00477,00477,normal,l10n_hr_joppd_city_municipality,CEROVLJE,477,477,2,HR2110010051704712003
l10n_hr_joppd_city_municipality_00485,00485,normal,l10n_hr_joppd_city_municipality,CESTICA,485,485,10,HR4310010051704812002
l10n_hr_joppd_city_municipality_00493,00493,normal,l10n_hr_joppd_city_municipality,CETINGRAD,493,493,0,HR2710010051704912006
l10n_hr_joppd_city_municipality_00507,00507,normal,l10n_hr_joppd_city_municipality,CISTA PROVO,507,507,3,HR6010010051705012001
l10n_hr_joppd_city_municipality_00515,00515,normal,l10n_hr_joppd_city_municipality,CIVLJANE,515,515,5,HR8710010051705112007
l10n_hr_joppd_city_municipality_00523,00523,normal,l10n_hr_joppd_city_municipality,CRES,523,523,0,HR5510010051705212008
l10n_hr_joppd_city_municipality_00531,00531,normal,l10n_hr_joppd_city_municipality,CRIKVENICA,531,531,7,HR2310010051705312009
l10n_hr_joppd_city_municipality_00540,00540,normal,l10n_hr_joppd_city_municipality,CRNAC,540,540,0,HR6710010051705412000
l10n_hr_joppd_city_municipality_00558,00558,normal,l10n_hr_joppd_city_municipality,ČABAR,558,558,5,HR7810010051705512003
l10n_hr_joppd_city_municipality_00566,00566,normal,l10n_hr_joppd_city_municipality,ČAČINCI,566,566,0,HR0310010051705612002
l10n_hr_joppd_city_municipality_00574,00574,normal,l10n_hr_joppd_city_municipality,ČAĐAVICA,574,574,0,HR8410010051705712006
l10n_hr_joppd_city_municipality_00582,00582,normal,l10n_hr_joppd_city_municipality,ČAGLIN,582,582,5,HR3610010051705812004
l10n_hr_joppd_city_municipality_00604,00604,normal,l10n_hr_joppd_city_municipality,ČAKOVEC,604,604,0,HR1510010051706012008
l10n_hr_joppd_city_municipality_00612,00612,normal,l10n_hr_joppd_city_municipality,ČAVLE,612,612,0,HR8010010051706112009
l10n_hr_joppd_city_municipality_00639,00639,normal,l10n_hr_joppd_city_municipality,ČAZMA,639,639,5,HR3810010051706312003
l10n_hr_joppd_city_municipality_00647,00647,normal,l10n_hr_joppd_city_municipality,ČEMINAC,647,647,10,HR6010010051706412002
l10n_hr_joppd_city_municipality_00655,00655,normal,l10n_hr_joppd_city_municipality,ČEPIN,655,655,0,HR4410010051706512006
l10n_hr_joppd_city_municipality_00663,00663,normal,l10n_hr_joppd_city_municipality,DARDA,663,663,5,HR9310010051706612004
l10n_hr_joppd_city_municipality_00671,00671,normal,l10n_hr_joppd_city_municipality,DARUVAR,671,671,10,HR6110010051706712005
l10n_hr_joppd_city_municipality_00680,00680,normal,l10n_hr_joppd_city_municipality,DAVOR,680,680,10,HR6710010051706812001
l10n_hr_joppd_city_municipality_00698,00698,normal,l10n_hr_joppd_city_municipality,DELNICE,698,698,5,HR9410010051706912007
l10n_hr_joppd_city_municipality_00701,00701,normal,l10n_hr_joppd_city_municipality,DESINIĆ,701,701,0,HR8410010051707012000
l10n_hr_joppd_city_municipality_00710,00710,normal,l10n_hr_joppd_city_municipality,DEŽANOVAC,710,710,5,HR9510010051707112003
l10n_hr_joppd_city_municipality_00728,00728,normal,l10n_hr_joppd_city_municipality,DICMO,728,728,8,HR2010010051707212002
l10n_hr_joppd_city_municipality_00744,00744,normal,l10n_hr_joppd_city_municipality,DOBRINJ,744,744,0,HR5310010051707412004
l10n_hr_joppd_city_municipality_00752,00752,normal,l10n_hr_joppd_city_municipality,DOMAŠINEC,752,752,0,HR2110010051707512005
l10n_hr_joppd_city_municipality_00779,00779,normal,l10n_hr_joppd_city_municipality,BRELA,779,779,5,HR5410010051707712007
l10n_hr_joppd_city_municipality_00787,00787,normal,l10n_hr_joppd_city_municipality,DONJA DUBRAVA,787,787,0,HR2210010051707812008
l10n_hr_joppd_city_municipality_00795,00795,normal,l10n_hr_joppd_city_municipality,DONJA STUBICA,795,795,10,HR8710010051707912009
l10n_hr_joppd_city_municipality_00809,00809,normal,l10n_hr_joppd_city_municipality,DONJA VOĆA,809,809,10,HR6610010051708012006
l10n_hr_joppd_city_municipality_00817,00817,normal,l10n_hr_joppd_city_municipality,DONJI ANDRIJEVCI,817,817,8,HR1810010051708112004
l10n_hr_joppd_city_municipality_00825,00825,normal,l10n_hr_joppd_city_municipality,DONJI KRALJEVEC,825,825,0,HR8310010051708212005
l10n_hr_joppd_city_municipality_00833,00833,normal,l10n_hr_joppd_city_municipality,DONJI KUKURUZARI,833,833,6,HR8910010051708312001
l10n_hr_joppd_city_municipality_00841,00841,normal,l10n_hr_joppd_city_municipality,DONJI LAPAC,841,841,5,HR1910010051708412007
l10n_hr_joppd_city_municipality_00850,00850,normal,l10n_hr_joppd_city_municipality,DONJI MARTIJANEC,850,850,5,
l10n_hr_joppd_city_municipality_00868,00868,normal,l10n_hr_joppd_city_municipality,DONJI MIHOLJAC,868,868,5,HR5210010051708612009
l10n_hr_joppd_city_municipality_00876,00876,normal,l10n_hr_joppd_city_municipality,MUĆ,876,876,7,HR9610010051708712000
l10n_hr_joppd_city_municipality_00884,00884,normal,l10n_hr_joppd_city_municipality,PROLOŽAC,884,884,5,HR1010010051708812003
l10n_hr_joppd_city_municipality_00892,00892,normal,l10n_hr_joppd_city_municipality,DONJI VIDOVEC,892,892,0,HR3210010051708912002
l10n_hr_joppd_city_municipality_00906,00906,normal,l10n_hr_joppd_city_municipality,DRAGANIĆ,906,906,0,HR4310010051709012005
l10n_hr_joppd_city_municipality_00914,00914,normal,l10n_hr_joppd_city_municipality,DRAŽ,914,914,2,HR4910010051709112001
l10n_hr_joppd_city_municipality_00922,00922,normal,l10n_hr_joppd_city_municipality,DRENOVCI,922,922,5,HR7610010051709212007
l10n_hr_joppd_city_municipality_00949,00949,normal,l10n_hr_joppd_city_municipality,DRENJE,949,949,0,HR1210010051709412009
l10n_hr_joppd_city_municipality_00957,00957,normal,l10n_hr_joppd_city_municipality,DRNIŠ,957,957,5,HR5610010051709512000
l10n_hr_joppd_city_municipality_00965,00965,normal,l10n_hr_joppd_city_municipality,DRNJE,965,965,0,HR6710010051709612003
l10n_hr_joppd_city_municipality_00973,00973,normal,l10n_hr_joppd_city_municipality,DUBRAVA,973,973,6,HR8910010051709712002
l10n_hr_joppd_city_municipality_00981,00981,normal,l10n_hr_joppd_city_municipality,DUBROVNIK,981,981,10,HR7310010051709812006
l10n_hr_joppd_city_municipality_00990,00990,normal,l10n_hr_joppd_city_municipality,DUGA RESA,990,990,10,HR2510010051709912004
l10n_hr_joppd_city_municipality_01007,01007,normal,l10n_hr_joppd_city_municipality,DUGI RAT,1007,1007,0,HR4710010051710012003
l10n_hr_joppd_city_municipality_01015,01015,normal,l10n_hr_joppd_city_municipality,DUGO SELO,1015,1015,9,HR6910010051710112002
l10n_hr_joppd_city_municipality_01023,01023,normal,l10n_hr_joppd_city_municipality,DVOR,1023,1023,5,HR5310010051710212006
l10n_hr_joppd_city_municipality_01031,01031,normal,l10n_hr_joppd_city_municipality,ĐAKOVO,1031,1031,10,HR0510010051710312004
l10n_hr_joppd_city_municipality_01040,01040,normal,l10n_hr_joppd_city_municipality,ĐELEKOVEC,1040,1040,0,HR7010010051710412005
l10n_hr_joppd_city_municipality_01058,01058,normal,l10n_hr_joppd_city_municipality,ĐULOVAC,1058,1058,0,HR7610010051710512001
l10n_hr_joppd_city_municipality_01066,01066,normal,l10n_hr_joppd_city_municipality,ĐURĐENOVAC,1066,1066,10,HR0610010051710612007
l10n_hr_joppd_city_municipality_01074,01074,normal,l10n_hr_joppd_city_municipality,ĐURĐEVAC,1074,1074,0,HR7110010051710712008
l10n_hr_joppd_city_municipality_01082,01082,normal,l10n_hr_joppd_city_municipality,ĐURMANEC,1082,1082,10,HR3910010051710812009
l10n_hr_joppd_city_municipality_01104,01104,normal,l10n_hr_joppd_city_municipality,ERDUT,1104,1104,1,HR2410010051711012002
l10n_hr_joppd_city_municipality_01112,01112,normal,l10n_hr_joppd_city_municipality,ERNESTINOVO,1112,1112,0,HR0810010051711112006
l10n_hr_joppd_city_municipality_01139,01139,normal,l10n_hr_joppd_city_municipality,ERVENIK,1139,1139,3,HR2510010051711312005
l10n_hr_joppd_city_municipality_01147,01147,normal,l10n_hr_joppd_city_municipality,FARKAŠEVAC,1147,1147,3,HR3110010051711412001
l10n_hr_joppd_city_municipality_01155,01155,normal,l10n_hr_joppd_city_municipality,FERDINANDOVAC,1155,1155,0,HR5810010051711512007
l10n_hr_joppd_city_municipality_01163,01163,normal,l10n_hr_joppd_city_municipality,FERIČANCI,1163,1163,0,HR2610010051711612008
l10n_hr_joppd_city_municipality_01171,01171,normal,l10n_hr_joppd_city_municipality,FUŽINE,1171,1171,5,HR9110010051711712009
l10n_hr_joppd_city_municipality_01180,01180,normal,l10n_hr_joppd_city_municipality,GARČIN,1180,1180,10,HR3810010051711812000
l10n_hr_joppd_city_municipality_01198,01198,normal,l10n_hr_joppd_city_municipality,GAREŠNICA,1198,1198,10,HR4910010051711912003
l10n_hr_joppd_city_municipality_01201,01201,normal,l10n_hr_joppd_city_municipality,GENERALSKI STOL,1201,1201,0,HR1710010051712012004
l10n_hr_joppd_city_municipality_01210,01210,normal,l10n_hr_joppd_city_municipality,GLINA,1210,1210,0,HR8210010051712112005
l10n_hr_joppd_city_municipality_01228,01228,normal,l10n_hr_joppd_city_municipality,GOLA,1228,1228,0,HR8810010051712212001
l10n_hr_joppd_city_municipality_01236,01236,normal,l10n_hr_joppd_city_municipality,GORIČAN,1236,1236,0,HR1810010051712312007
l10n_hr_joppd_city_municipality_01244,01244,normal,l10n_hr_joppd_city_municipality,GORJANI,1244,1244,0,HR8310010051712412008
l10n_hr_joppd_city_municipality_01252,01252,normal,l10n_hr_joppd_city_municipality,GORNJA STUBICA,1252,1252,0,HR5110010051712512009
l10n_hr_joppd_city_municipality_01279,01279,normal,l10n_hr_joppd_city_municipality,GORNJI BOGIĆEVCI,1279,1279,5,HR0910010051712712003
l10n_hr_joppd_city_municipality_01295,01295,normal,l10n_hr_joppd_city_municipality,GORNJI KNEGINEC,1295,1295,10,HR1510010051712912006
l10n_hr_joppd_city_municipality_01309,01309,normal,l10n_hr_joppd_city_municipality,GOSPIĆ,1309,1309,10,HR4810010051713012001
l10n_hr_joppd_city_municipality_01317,01317,normal,l10n_hr_joppd_city_municipality,GRAČAC,1317,1317,7,HR7510010051713112007
l10n_hr_joppd_city_municipality_01325,01325,normal,l10n_hr_joppd_city_municipality,GRAČIŠĆE,1325,1325,5,HR4310010051713212008
l10n_hr_joppd_city_municipality_01333,01333,normal,l10n_hr_joppd_city_municipality,ZAGREB,1333,1333,18,HR1110010051713312009
l10n_hr_joppd_city_municipality_01341,01341,normal,l10n_hr_joppd_city_municipality,GRADAC,1341,1341,0,HR5510010051713412000
l10n_hr_joppd_city_municipality_01350,01350,normal,l10n_hr_joppd_city_municipality,GRADEC,1350,1350,5,HR6610010051713512003
l10n_hr_joppd_city_municipality_01368,01368,normal,l10n_hr_joppd_city_municipality,GRADINA,1368,1368,0,HR8810010051713612002
l10n_hr_joppd_city_municipality_01376,01376,normal,l10n_hr_joppd_city_municipality,GRADIŠTE,1376,1376,0,HR7210010051713712006
l10n_hr_joppd_city_municipality_01384,01384,normal,l10n_hr_joppd_city_municipality,GROŽNJAN (GRISIGNANA),1384,1384,0,HR2410010051713812004
l10n_hr_joppd_city_municipality_01392,01392,normal,l10n_hr_joppd_city_municipality,GRUBIŠNO POLJE,1392,1392,5,HR8910010051713912005
l10n_hr_joppd_city_municipality_01406,01406,normal,l10n_hr_joppd_city_municipality,GUNDINCI,1406,1406,0,HR0310010051714012008
l10n_hr_joppd_city_municipality_01414,01414,normal,l10n_hr_joppd_city_municipality,GUNJA,1414,1414,0,HR6810010051714112009
l10n_hr_joppd_city_municipality_01449,01449,normal,l10n_hr_joppd_city_municipality,HERCEGOVAC,1449,1449,0,HR4810010051714412002
l10n_hr_joppd_city_municipality_01457,01457,normal,l10n_hr_joppd_city_municipality,HLEBINE,1457,1457,0,HR3210010051714512006
l10n_hr_joppd_city_municipality_01465,01465,normal,l10n_hr_joppd_city_municipality,HRAŠĆINA,1465,1465,5,HR8110010051714612004
l10n_hr_joppd_city_municipality_01481,01481,normal,l10n_hr_joppd_city_municipality,HRVACE,1481,1481,10,HR5510010051714812001
l10n_hr_joppd_city_municipality_01490,01490,normal,l10n_hr_joppd_city_municipality,HRVATSKA DUBICA,1490,1490,3,HR8210010051714912007
l10n_hr_joppd_city_municipality_01503,01503,normal,l10n_hr_joppd_city_municipality,HRVATSKA KOSTAJNICA,1503,1503,6,HR7210010051715012000
l10n_hr_joppd_city_municipality_01511,01511,normal,l10n_hr_joppd_city_municipality,BREZNIČKI HUM,1511,1511,3,HR8310010051715112003
l10n_hr_joppd_city_municipality_01520,01520,normal,l10n_hr_joppd_city_municipality,HUM NA SUTLI,1520,1520,0,HR0810010051715212002
l10n_hr_joppd_city_municipality_01538,01538,normal,l10n_hr_joppd_city_municipality,HVAR,1538,1538,0,HR8910010051715312006
l10n_hr_joppd_city_municipality_01546,01546,normal,l10n_hr_joppd_city_municipality,ILOK,1546,1546,0,HR4110010051715412004
l10n_hr_joppd_city_municipality_01554,01554,normal,l10n_hr_joppd_city_municipality,IMOTSKI,1554,1554,6,HR0910010051715512005
l10n_hr_joppd_city_municipality_01562,01562,normal,l10n_hr_joppd_city_municipality,IVANEC,1562,1562,10,HR1510010051715612001
l10n_hr_joppd_city_municipality_01589,01589,normal,l10n_hr_joppd_city_municipality,IVANIĆ-GRAD,1589,1589,6,HR1010010051715812008
l10n_hr_joppd_city_municipality_01597,01597,normal,l10n_hr_joppd_city_municipality,IVANKOVO,1597,1597,10,HR7510010051715912009
l10n_hr_joppd_city_municipality_01619,01619,normal,l10n_hr_joppd_city_municipality,IVANSKA,1619,1619,0,HR0610010051716112004
l10n_hr_joppd_city_municipality_01635,01635,normal,l10n_hr_joppd_city_municipality,JAKOVLJE,1635,1635,5,HR7710010051716312001
l10n_hr_joppd_city_municipality_01643,01643,normal,l10n_hr_joppd_city_municipality,JAKŠIĆ,1643,1643,5,HR0710010051716412007
l10n_hr_joppd_city_municipality_01651,01651,normal,l10n_hr_joppd_city_municipality,JALŽABET,1651,1651,0,HR7210010051716512008
l10n_hr_joppd_city_municipality_01660,01660,normal,l10n_hr_joppd_city_municipality,JARMINA,1660,1660,0,HR4010010051716612009
l10n_hr_joppd_city_municipality_01678,01678,normal,l10n_hr_joppd_city_municipality,JASENICE,1678,1678,0,HR8410010051716712000
l10n_hr_joppd_city_municipality_01686,01686,normal,l10n_hr_joppd_city_municipality,JASENOVAC,1686,1686,0,HR9510010051716812003
l10n_hr_joppd_city_municipality_01694,01694,normal,l10n_hr_joppd_city_municipality,JASTREBARSKO,1694,1694,9,HR2010010051716912002
l10n_hr_joppd_city_municipality_01708,01708,normal,l10n_hr_joppd_city_municipality,JELENJE,1708,1708,0,HR3110010051717012005
l10n_hr_joppd_city_municipality_01716,01716,normal,l10n_hr_joppd_city_municipality,JELSA,1716,1716,10,HR3710010051717112001
l10n_hr_joppd_city_municipality_01724,01724,normal,l10n_hr_joppd_city_municipality,JOSIPDOL,1724,1724,0,HR6410010051717212007
l10n_hr_joppd_city_municipality_01732,01732,normal,l10n_hr_joppd_city_municipality,KALI,1732,1732,0,HR3210010051717312008
l10n_hr_joppd_city_municipality_01759,01759,normal,l10n_hr_joppd_city_municipality,KANFANAR,1759,1759,3,HR4410010051717512000
l10n_hr_joppd_city_municipality_01767,01767,normal,l10n_hr_joppd_city_municipality,KAPELA,1767,1767,8,HR5510010051717612003
l10n_hr_joppd_city_municipality_01775,01775,normal,l10n_hr_joppd_city_municipality,KAPTOL,1775,1775,10,HR7710010051717712002
l10n_hr_joppd_city_municipality_01783,01783,normal,l10n_hr_joppd_city_municipality,KARLOBAG,1783,1783,,HR6110010051717812006
l10n_hr_joppd_city_municipality_01791,01791,normal,l10n_hr_joppd_city_municipality,KARLOVAC,1791,1791,9,HR1310010051717912004
l10n_hr_joppd_city_municipality_01805,01805,normal,l10n_hr_joppd_city_municipality,KASTAV,1805,1805,0,HR2410010051718012007
l10n_hr_joppd_city_municipality_01813,01813,normal,l10n_hr_joppd_city_municipality,KAŠTELA,1813,1813,12,HR8910010051718112008
l10n_hr_joppd_city_municipality_01830,01830,normal,l10n_hr_joppd_city_municipality,KIJEVO,1830,1830,5,HR0410010051718312000
l10n_hr_joppd_city_municipality_01848,01848,normal,l10n_hr_joppd_city_municipality,KISTANJE,1848,1848,3,HR1510010051718412003
l10n_hr_joppd_city_municipality_01856,01856,normal,l10n_hr_joppd_city_municipality,KLAKAR,1856,1856,0,HR3710010051718512002
l10n_hr_joppd_city_municipality_01864,01864,normal,l10n_hr_joppd_city_municipality,KLANA,1864,1864,0,HR2110010051718612006
l10n_hr_joppd_city_municipality_01872,01872,normal,l10n_hr_joppd_city_municipality,KLANJEC,1872,1872,12,HR7010010051718712004
l10n_hr_joppd_city_municipality_01899,01899,normal,l10n_hr_joppd_city_municipality,KLENOVNIK,1899,1899,7,HR4410010051718912001
l10n_hr_joppd_city_municipality_01902,01902,normal,l10n_hr_joppd_city_municipality,KLINČA SELA,1902,1902,10,HR1710010051719012009
l10n_hr_joppd_city_municipality_01929,01929,normal,l10n_hr_joppd_city_municipality,KLIS,1929,1929,0,HR7210010051719212003
l10n_hr_joppd_city_municipality_01937,01937,normal,l10n_hr_joppd_city_municipality,KLOŠTAR IVANIĆ,1937,1937,2,HR9410010051719312002
l10n_hr_joppd_city_municipality_01945,01945,normal,l10n_hr_joppd_city_municipality,KLOŠTAR PODRAVSKI,1945,1945,0,HR7810010051719412006
l10n_hr_joppd_city_municipality_01953,01953,normal,l10n_hr_joppd_city_municipality,KNEŽEVI VINOGRADI,1953,1953,4,HR3010010051719512004
l10n_hr_joppd_city_municipality_01961,01961,normal,l10n_hr_joppd_city_municipality,KNIN,1961,1961,10,HR9510010051719612005
l10n_hr_joppd_city_municipality_01970,01970,normal,l10n_hr_joppd_city_municipality,KOMIŽA,1970,1970,5,HR0410010051719712001
l10n_hr_joppd_city_municipality_01988,01988,normal,l10n_hr_joppd_city_municipality,KONAVLE,1988,1988,10,HR3110010051719812007
l10n_hr_joppd_city_municipality_01996,01996,normal,l10n_hr_joppd_city_municipality,KONČANICA,1996,1996,5,HR9610010051719912008
l10n_hr_joppd_city_municipality_02003,02003,normal,l10n_hr_joppd_city_municipality,KONJŠČINA,2003,2003,10,HR0510010051720012004
l10n_hr_joppd_city_municipality_02011,02011,normal,l10n_hr_joppd_city_municipality,KOPRIVNICA,2011,2011,0,HR7010010051720112005
l10n_hr_joppd_city_municipality_02020,02020,normal,l10n_hr_joppd_city_municipality,KOPRIVNIČKI BREGI,2020,2020,0,HR7610010051720212001
l10n_hr_joppd_city_municipality_02038,02038,normal,l10n_hr_joppd_city_municipality,KOPRIVNIČKI IVANEC,2038,2038,0,HR0610010051720312007
l10n_hr_joppd_city_municipality_02046,02046,normal,l10n_hr_joppd_city_municipality,KORČULA,2046,2046,6,HR7110010051720412008
l10n_hr_joppd_city_municipality_02054,02054,normal,l10n_hr_joppd_city_municipality,KOŠKA,2054,2054,0,HR3910010051720512009
l10n_hr_joppd_city_municipality_02062,02062,normal,l10n_hr_joppd_city_municipality,KOTORIBA,2062,2062,0,HR8310010051720612000
l10n_hr_joppd_city_municipality_02089,02089,normal,l10n_hr_joppd_city_municipality,KRALJEVEC NA SUTLI,2089,2089,0,HR1910010051720812002
l10n_hr_joppd_city_municipality_02097,02097,normal,l10n_hr_joppd_city_municipality,KRALJEVICA,2097,2097,5,HR0310010051720912006
l10n_hr_joppd_city_municipality_02119,02119,normal,l10n_hr_joppd_city_municipality,KRAPINA,2119,2119,0,HR6310010051721112007
l10n_hr_joppd_city_municipality_02127,02127,normal,l10n_hr_joppd_city_municipality,KRAPINSKE TOPLICE,2127,2127,0,HR3110010051721212008
l10n_hr_joppd_city_municipality_02135,02135,normal,l10n_hr_joppd_city_municipality,KRIŽ,2135,2135,2,HR9610010051721312009
l10n_hr_joppd_city_municipality_02143,02143,normal,l10n_hr_joppd_city_municipality,KRIŽEVCI,2143,2143,10,HR4310010051721412000
l10n_hr_joppd_city_municipality_02151,02151,normal,l10n_hr_joppd_city_municipality,KRK,2151,2151,0,HR5410010051721512003
l10n_hr_joppd_city_municipality_02160,02160,normal,l10n_hr_joppd_city_municipality,KRNJAK,2160,2160,8,HR7610010051721612002
l10n_hr_joppd_city_municipality_02178,02178,normal,l10n_hr_joppd_city_municipality,KRŠAN,2178,2178,0,HR6010010051721712006
l10n_hr_joppd_city_municipality_02194,02194,normal,l10n_hr_joppd_city_municipality,KULA NORINSKA,2194,2194,10,HR7710010051721912005
l10n_hr_joppd_city_municipality_02208,02208,normal,l10n_hr_joppd_city_municipality,KUTINA,2208,2208,12,HR8810010051722012008
l10n_hr_joppd_city_municipality_02216,02216,normal,l10n_hr_joppd_city_municipality,KUTJEVO,2216,2216,10,HR5610010051722112009
l10n_hr_joppd_city_municipality_02224,02224,normal,l10n_hr_joppd_city_municipality,LABIN,2224,2224,6,HR0310010051722212000
l10n_hr_joppd_city_municipality_02232,02232,normal,l10n_hr_joppd_city_municipality,LANIŠĆE,2232,2232,5,HR1410010051722312003
l10n_hr_joppd_city_municipality_02259,02259,normal,l10n_hr_joppd_city_municipality,LASINJA,2259,2259,0,HR2010010051722512006
l10n_hr_joppd_city_municipality_02267,02267,normal,l10n_hr_joppd_city_municipality,LASTOVO,2267,2267,3,HR6910010051722612004
l10n_hr_joppd_city_municipality_02275,02275,normal,l10n_hr_joppd_city_municipality,LEGRAD,2275,2275,0,HR3710010051722712005
l10n_hr_joppd_city_municipality_02283,02283,normal,l10n_hr_joppd_city_municipality,LEKENIK,2283,2283,0,HR4310010051722812001
l10n_hr_joppd_city_municipality_02291,02291,normal,l10n_hr_joppd_city_municipality,LEPOGLAVA,2291,2291,8,HR7010010051722912007
l10n_hr_joppd_city_municipality_02305,02305,normal,l10n_hr_joppd_city_municipality,LEVANJSKA VAROŠ,2305,2305,0,HR6010010051723012000
l10n_hr_joppd_city_municipality_02313,02313,normal,l10n_hr_joppd_city_municipality,LIPIK,2313,2313,0,HR7110010051723112003
l10n_hr_joppd_city_municipality_02321,02321,normal,l10n_hr_joppd_city_municipality,LIPOVLJANI,2321,2321,6,HR9310010051723212002
l10n_hr_joppd_city_municipality_02348,02348,normal,l10n_hr_joppd_city_municipality,LIŠANE OSTROVIČKE,2348,2348,6,HR2910010051723412004
l10n_hr_joppd_city_municipality_02356,02356,normal,l10n_hr_joppd_city_municipality,LIŽNJAN (LISIGNANO),2356,2356,5,HR9410010051723512005
l10n_hr_joppd_city_municipality_02364,02364,normal,l10n_hr_joppd_city_municipality,LOBOR,2364,2364,0,HR0310010051723612001
l10n_hr_joppd_city_municipality_02372,02372,normal,l10n_hr_joppd_city_municipality,LOKVE,2372,2372,0,HR3010010051723712007
l10n_hr_joppd_city_municipality_02399,02399,normal,l10n_hr_joppd_city_municipality,LOVAS,2399,2399,5,HR6310010051723912009
l10n_hr_joppd_city_municipality_02402,02402,normal,l10n_hr_joppd_city_municipality,LOVINAC,2402,2402,8,HR4210010051724012006
l10n_hr_joppd_city_municipality_02429,02429,normal,l10n_hr_joppd_city_municipality,LOVRAN,2429,2429,0,HR5910010051724212005
l10n_hr_joppd_city_municipality_02437,02437,normal,l10n_hr_joppd_city_municipality,LOVREĆ,2437,2437,0,HR6510010051724312001
l10n_hr_joppd_city_municipality_02445,02445,normal,l10n_hr_joppd_city_municipality,LUDBREG,2445,2445,12,HR9210010051724412007
l10n_hr_joppd_city_municipality_02453,02453,normal,l10n_hr_joppd_city_municipality,LUKAČ,2453,2453,0,HR6010010051724512008
l10n_hr_joppd_city_municipality_02461,02461,normal,l10n_hr_joppd_city_municipality,LUPOGLAV,2461,2461,1,HR2810010051724612009
l10n_hr_joppd_city_municipality_02470,02470,normal,l10n_hr_joppd_city_municipality,LJUBEŠĆICA,2470,2470,10,HR7210010051724712000
l10n_hr_joppd_city_municipality_02488,02488,normal,l10n_hr_joppd_city_municipality,MAČE,2488,2488,0,HR8310010051724812003
l10n_hr_joppd_city_municipality_02496,02496,normal,l10n_hr_joppd_city_municipality,MAKARSKA,2496,2496,10,HR0810010051724912002
l10n_hr_joppd_city_municipality_02500,02500,normal,l10n_hr_joppd_city_municipality,MALA SUBOTICA,2500,2500,0,HR1910010051725012005
l10n_hr_joppd_city_municipality_02518,02518,normal,l10n_hr_joppd_city_municipality,MALI BUKOVEC,2518,2518,10,HR2510010051725112001
l10n_hr_joppd_city_municipality_02526,02526,normal,l10n_hr_joppd_city_municipality,MALI LOŠINJ,2526,2526,0,HR5210010051725212007
l10n_hr_joppd_city_municipality_02534,02534,normal,l10n_hr_joppd_city_municipality,MALINSKA – DUBAŠNICA,2534,2534,0,HR2010010051725312008
l10n_hr_joppd_city_municipality_02542,02542,normal,l10n_hr_joppd_city_municipality,MARČANA,2542,2542,5,HR8510010051725412009
l10n_hr_joppd_city_municipality_02569,02569,normal,l10n_hr_joppd_city_municipality,MARIJA BISTRICA,2569,2569,0,HR4310010051725612003
l10n_hr_joppd_city_municipality_02577,02577,normal,l10n_hr_joppd_city_municipality,MARIJANCI,2577,2577,5,HR6510010051725712002
l10n_hr_joppd_city_municipality_02585,02585,normal,l10n_hr_joppd_city_municipality,MARINA,2585,2585,0,HR4910010051725812006
l10n_hr_joppd_city_municipality_02593,02593,normal,l10n_hr_joppd_city_municipality,MARTINSKA VES,2593,2593,0,HR9810010051725912004
l10n_hr_joppd_city_municipality_02607,02607,normal,l10n_hr_joppd_city_municipality,MARUŠEVEC,2607,2607,0,HR1210010051726012007
l10n_hr_joppd_city_municipality_02615,02615,normal,l10n_hr_joppd_city_municipality,MATULJI,2615,2615,10,HR7710010051726112008
l10n_hr_joppd_city_municipality_02631,02631,normal,l10n_hr_joppd_city_municipality,MEDULIN,2631,2631,5,HR8910010051726312000
l10n_hr_joppd_city_municipality_02640,02640,normal,l10n_hr_joppd_city_municipality,METKOVIĆ,2640,2640,8,HR0310010051726412003
l10n_hr_joppd_city_municipality_02658,02658,normal,l10n_hr_joppd_city_municipality,MIHOVLJAN,2658,2658,8,HR2510010051726512002
l10n_hr_joppd_city_municipality_02666,02666,normal,l10n_hr_joppd_city_municipality,MIKLEUŠ,2666,2666,0,HR0910010051726612006
l10n_hr_joppd_city_municipality_02674,02674,normal,l10n_hr_joppd_city_municipality,MILNA,2674,2674,3,HR5810010051726712004
l10n_hr_joppd_city_municipality_02682,02682,normal,l10n_hr_joppd_city_municipality,MLJET,2682,2682,10,HR2610010051726812005
l10n_hr_joppd_city_municipality_02704,02704,normal,l10n_hr_joppd_city_municipality,MOLVE,2704,2704,0,HR0510010051727012009
l10n_hr_joppd_city_municipality_02712,02712,normal,l10n_hr_joppd_city_municipality,PODRAVSKA MOSLAVINA,2712,2712,0,HR4910010051727112000
l10n_hr_joppd_city_municipality_02739,02739,normal,l10n_hr_joppd_city_municipality,MOŠĆENIČKA DRAGA,2739,2739,0,HR8210010051727312002
l10n_hr_joppd_city_municipality_02747,02747,normal,l10n_hr_joppd_city_municipality,MOTOVUN (MONTONA),2747,2747,0,HR6610010051727412006
l10n_hr_joppd_city_municipality_02755,02755,normal,l10n_hr_joppd_city_municipality,MRKOPALJ,2755,2755,7,HR1810010051727512004
l10n_hr_joppd_city_municipality_02763,02763,normal,l10n_hr_joppd_city_municipality,MURSKO SREDIŠĆE,2763,2763,0,HR8310010051727612005
l10n_hr_joppd_city_municipality_02780,02780,normal,l10n_hr_joppd_city_municipality,NAŠICE,2780,2780,8,HR1910010051727812007
l10n_hr_joppd_city_municipality_02798,02798,normal,l10n_hr_joppd_city_municipality,NEDELIŠĆE,2798,2798,0,HR8410010051727912008
l10n_hr_joppd_city_municipality_02801,02801,normal,l10n_hr_joppd_city_municipality,NEREŽIŠĆA,2801,2801,0,HR2010010051728012003
l10n_hr_joppd_city_municipality_02810,02810,normal,l10n_hr_joppd_city_municipality,NETRETIĆ,2810,2810,0,HR4210010051728112002
l10n_hr_joppd_city_municipality_02828,02828,normal,l10n_hr_joppd_city_municipality,NIN,2828,2828,0,HR2610010051728212006
l10n_hr_joppd_city_municipality_02836,02836,normal,l10n_hr_joppd_city_municipality,NOVA BUKOVICA,2836,2836,0,HR7510010051728312004
l10n_hr_joppd_city_municipality_02844,02844,normal,l10n_hr_joppd_city_municipality,NOVA GRADIŠKA,2844,2844,12,HR4310010051728412005
l10n_hr_joppd_city_municipality_02852,02852,normal,l10n_hr_joppd_city_municipality,NOVA KAPELA,2852,2852,10,HR4910010051728512001
l10n_hr_joppd_city_municipality_02879,02879,normal,l10n_hr_joppd_city_municipality,NOVA RAČA,2879,2879,0,HR4410010051728712008
l10n_hr_joppd_city_municipality_02887,02887,normal,l10n_hr_joppd_city_municipality,NOVALJA,2887,2887,0,HR1210010051728812009
l10n_hr_joppd_city_municipality_02895,02895,normal,l10n_hr_joppd_city_municipality,NOVI MAROF,2895,2895,10,HR5610010051728912000
l10n_hr_joppd_city_municipality_02909,02909,normal,l10n_hr_joppd_city_municipality,NOVI VINODOLSKI,2909,2909,7,HR9410010051729012002
l10n_hr_joppd_city_municipality_02917,02917,normal,l10n_hr_joppd_city_municipality,NOVIGRAD (CITTANOVA),2917,2917,0,HR7810010051729112006
l10n_hr_joppd_city_municipality_02925,02925,normal,l10n_hr_joppd_city_municipality,NOVIGRAD PODRAVSKI,2925,2925,0,HR3010010051729212004
l10n_hr_joppd_city_municipality_02933,02933,normal,l10n_hr_joppd_city_municipality,NOVSKA,2933,2933,8,HR9510010051729312005
l10n_hr_joppd_city_municipality_02941,02941,normal,l10n_hr_joppd_city_municipality,NUŠTAR,2941,2941,6,HR0410010051729412001
l10n_hr_joppd_city_municipality_02950,02950,normal,l10n_hr_joppd_city_municipality,NIJEMCI,2950,2950,0,HR3110010051729512007
l10n_hr_joppd_city_municipality_02968,02968,normal,l10n_hr_joppd_city_municipality,OBROVAC,2968,2968,0,HR9610010051729612008
l10n_hr_joppd_city_municipality_02976,02976,normal,l10n_hr_joppd_city_municipality,OGULIN,2976,2976,10,HR6410010051729712009
l10n_hr_joppd_city_municipality_02984,02984,normal,l10n_hr_joppd_city_municipality,PROMINA,2984,2984,0,HR1110010051729812000
l10n_hr_joppd_city_municipality_02992,02992,normal,l10n_hr_joppd_city_municipality,OKUČANI,2992,2992,10,HR2210010051729912003
l10n_hr_joppd_city_municipality_03000,03000,normal,l10n_hr_joppd_city_municipality,OMIŠ,3000,3000,8,HR7610010051730012008
l10n_hr_joppd_city_municipality_03018,03018,normal,l10n_hr_joppd_city_municipality,OMIŠALJ,3018,3018,0,HR4410010051730112009
l10n_hr_joppd_city_municipality_03026,03026,normal,l10n_hr_joppd_city_municipality,OPATIJA,3026,3026,0,HR8810010051730212000
l10n_hr_joppd_city_municipality_03034,03034,normal,l10n_hr_joppd_city_municipality,OPRISAVCI,3034,3034,0,HR0210010051730312003
l10n_hr_joppd_city_municipality_03042,03042,normal,l10n_hr_joppd_city_municipality,OPRTALJ (PORTOLE),3042,3042,0,HR2410010051730412002
l10n_hr_joppd_city_municipality_03069,03069,normal,l10n_hr_joppd_city_municipality,OPUZEN,3069,3069,10,HR5710010051730612004
l10n_hr_joppd_city_municipality_03077,03077,normal,l10n_hr_joppd_city_municipality,ORAHOVICA,3077,3077,0,HR2510010051730712005
l10n_hr_joppd_city_municipality_03085,03085,normal,l10n_hr_joppd_city_municipality,OREBIĆ,3085,3085,0,HR3110010051730812001
l10n_hr_joppd_city_municipality_03093,03093,normal,l10n_hr_joppd_city_municipality,ORIOVAC,3093,3093,0,HR5810010051730912007
l10n_hr_joppd_city_municipality_03107,03107,normal,l10n_hr_joppd_city_municipality,BISKUPIJA,3107,3107,4,HR4810010051731012000
l10n_hr_joppd_city_municipality_03115,03115,normal,l10n_hr_joppd_city_municipality,OROSLAVJE,3115,3115,0,HR5910010051731112003
l10n_hr_joppd_city_municipality_03123,03123,normal,l10n_hr_joppd_city_municipality,OSIJEK,3123,3123,13,HR8110010051731212002
l10n_hr_joppd_city_municipality_03131,03131,normal,l10n_hr_joppd_city_municipality,OTOČAC,3131,3131,7,HR6510010051731312006
l10n_hr_joppd_city_municipality_03140,03140,normal,l10n_hr_joppd_city_municipality,OTOK (Sinj),3140,3140,5,HR1710010051731412004
l10n_hr_joppd_city_municipality_03158,03158,normal,l10n_hr_joppd_city_municipality,OZALJ,3158,3158,12,HR8210010051731512005
l10n_hr_joppd_city_municipality_03166,03166,normal,l10n_hr_joppd_city_municipality,PAG,3166,3166,0,HR8810010051731612001
l10n_hr_joppd_city_municipality_03174,03174,normal,l10n_hr_joppd_city_municipality,PAKOŠTANE,3174,3174,0,HR1810010051731712007
l10n_hr_joppd_city_municipality_03182,03182,normal,l10n_hr_joppd_city_municipality,PAKRAC,3182,3182,7,HR8310010051731812008
l10n_hr_joppd_city_municipality_03204,03204,normal,l10n_hr_joppd_city_municipality,PAŠMAN,3204,3204,0,HR3010010051732012006
l10n_hr_joppd_city_municipality_03212,03212,normal,l10n_hr_joppd_city_municipality,PAZIN,3212,3212,9,HR7910010051732112004
l10n_hr_joppd_city_municipality_03239,03239,normal,l10n_hr_joppd_city_municipality,PERUŠIĆ,3239,3239,2,HR5310010051732312001
l10n_hr_joppd_city_municipality_03247,03247,normal,l10n_hr_joppd_city_municipality,PETERANEC,3247,3247,0,HR8010010051732412007
l10n_hr_joppd_city_municipality_03255,03255,normal,l10n_hr_joppd_city_municipality,PETLOVAC,3255,3255,5,HR4810010051732512008
l10n_hr_joppd_city_municipality_03263,03263,normal,l10n_hr_joppd_city_municipality,PETRIJANEC,3263,3263,0,HR1610010051732612009
l10n_hr_joppd_city_municipality_03271,03271,normal,l10n_hr_joppd_city_municipality,PETRIJEVCI,3271,3271,5,HR6010010051732712000
l10n_hr_joppd_city_municipality_03280,03280,normal,l10n_hr_joppd_city_municipality,PETRINJA,3280,3280,10,HR7110010051732812003
l10n_hr_joppd_city_municipality_03298,03298,normal,l10n_hr_joppd_city_municipality,PETROVSKO,3298,3298,0,HR9310010051732912002
l10n_hr_joppd_city_municipality_03301,03301,normal,l10n_hr_joppd_city_municipality,PIĆAN,3301,3301,0,HR0710010051733012005
l10n_hr_joppd_city_municipality_03310,03310,normal,l10n_hr_joppd_city_municipality,PISAROVINA,3310,3310,6,HR1310010051733112001
l10n_hr_joppd_city_municipality_03328,03328,normal,l10n_hr_joppd_city_municipality,PITOMAČA,3328,3328,0,HR4010010051733212007
l10n_hr_joppd_city_municipality_03336,03336,normal,l10n_hr_joppd_city_municipality,PLAŠKI,3336,3336,0,HR0810010051733312008
l10n_hr_joppd_city_municipality_03344,03344,normal,l10n_hr_joppd_city_municipality,PLETERNICA,3344,3344,0,HR7310010051733412009
l10n_hr_joppd_city_municipality_03352,03352,normal,l10n_hr_joppd_city_municipality,PLOČE,3352,3352,10,HR2010010051733512000
l10n_hr_joppd_city_municipality_03379,03379,normal,l10n_hr_joppd_city_municipality,PODBABLJE,3379,3379,6,HR5310010051733712002
l10n_hr_joppd_city_municipality_03387,03387,normal,l10n_hr_joppd_city_municipality,PODCRKAVLJE,3387,3387,5,HR3710010051733812006
l10n_hr_joppd_city_municipality_03395,03395,normal,l10n_hr_joppd_city_municipality,PODGORA,3395,3395,10,HR8610010051733912004
l10n_hr_joppd_city_municipality_03409,03409,normal,l10n_hr_joppd_city_municipality,PODGORAČ,3409,3409,5,HR9710010051734012007
l10n_hr_joppd_city_municipality_03417,03417,normal,l10n_hr_joppd_city_municipality,PODSTRANA,3417,3417,8,HR6510010051734112008
l10n_hr_joppd_city_municipality_03425,03425,normal,l10n_hr_joppd_city_municipality,PODTUREN,3425,3425,0,HR3310010051734212009
l10n_hr_joppd_city_municipality_03433,03433,normal,l10n_hr_joppd_city_municipality,POJEZERJE,3433,3433,0,HR7710010051734312000
l10n_hr_joppd_city_municipality_03441,03441,normal,l10n_hr_joppd_city_municipality,POLAČA,3441,3441,10,HR8810010051734412003
l10n_hr_joppd_city_municipality_03450,03450,normal,l10n_hr_joppd_city_municipality,POLIČNIK,3450,3450,0,HR1310010051734512002
l10n_hr_joppd_city_municipality_03468,03468,normal,l10n_hr_joppd_city_municipality,POPOVAC,3468,3468,3,HR9410010051734612006
l10n_hr_joppd_city_municipality_03476,03476,normal,l10n_hr_joppd_city_municipality,POPOVAČA,3476,3476,6,HR4610010051734712004
l10n_hr_joppd_city_municipality_03484,03484,normal,l10n_hr_joppd_city_municipality,POREČ (PARENZO),3484,3484,0,HR1410010051734812005
l10n_hr_joppd_city_municipality_03492,03492,normal,l10n_hr_joppd_city_municipality,POSEDARJE,3492,3492,0,HR2010010051734912001
l10n_hr_joppd_city_municipality_03506,03506,normal,l10n_hr_joppd_city_municipality,POSTIRA,3506,3506,0,HR9010010051735012009
l10n_hr_joppd_city_municipality_03514,03514,normal,l10n_hr_joppd_city_municipality,POŽEGA,3514,3514,7,HR3710010051735112000
l10n_hr_joppd_city_municipality_03522,03522,normal,l10n_hr_joppd_city_municipality,PREGRADA,3522,3522,10,HR4810010051735212003
l10n_hr_joppd_city_municipality_03549,03549,normal,l10n_hr_joppd_city_municipality,PREKO,3549,3549,0,HR5410010051735412006
l10n_hr_joppd_city_municipality_03557,03557,normal,l10n_hr_joppd_city_municipality,PRELOG,3557,3557,0,HR0610010051735512004
l10n_hr_joppd_city_municipality_03565,03565,normal,l10n_hr_joppd_city_municipality,PRESEKA,3565,3565,5,HR7110010051735612005
l10n_hr_joppd_city_municipality_03573,03573,normal,l10n_hr_joppd_city_municipality,PRIMOŠTEN,3573,3573,10,HR7710010051735712001
l10n_hr_joppd_city_municipality_03581,03581,normal,l10n_hr_joppd_city_municipality,PUČIŠĆA,3581,3581,5,HR0710010051735812007
l10n_hr_joppd_city_municipality_03590,03590,normal,l10n_hr_joppd_city_municipality,PULA (POLA),3590,3590,12,HR7210010051735912008
l10n_hr_joppd_city_municipality_03603,03603,normal,l10n_hr_joppd_city_municipality,PUNAT,3603,3603,0,HR0810010051736012003
l10n_hr_joppd_city_municipality_03611,03611,normal,l10n_hr_joppd_city_municipality,PUNITOVCI,3611,3611,0,HR3010010051736112002
l10n_hr_joppd_city_municipality_03620,03620,normal,l10n_hr_joppd_city_municipality,PUŠĆA,3620,3620,10,HR1410010051736212006
l10n_hr_joppd_city_municipality_03638,03638,normal,l10n_hr_joppd_city_municipality,RAB,3638,3638,0,HR6310010051736312004
l10n_hr_joppd_city_municipality_03646,03646,normal,l10n_hr_joppd_city_municipality,RADOBOJ,3646,3646,8,HR3110010051736412005
l10n_hr_joppd_city_municipality_03654,03654,normal,l10n_hr_joppd_city_municipality,RAKOVICA,3654,3654,8,HR3710010051736512001
l10n_hr_joppd_city_municipality_03662,03662,normal,l10n_hr_joppd_city_municipality,RASINJA,3662,3662,0,HR6410010051736612007
l10n_hr_joppd_city_municipality_03689,03689,normal,l10n_hr_joppd_city_municipality,RAŠA,3689,3689,6,HR9710010051736812009
l10n_hr_joppd_city_municipality_03697,03697,normal,l10n_hr_joppd_city_municipality,RAVNA GORA,3697,3697,18445,HR4410010051736912000
l10n_hr_joppd_city_municipality_03719,03719,normal,l10n_hr_joppd_city_municipality,RAŽANAC,3719,3719,0,HR6610010051737112006
l10n_hr_joppd_city_municipality_03727,03727,normal,l10n_hr_joppd_city_municipality,REŠETARI,3727,3727,10,HR1810010051737212004
l10n_hr_joppd_city_municipality_03735,03735,normal,l10n_hr_joppd_city_municipality,RIJEKA,3735,3735,14,HR8310010051737312005
l10n_hr_joppd_city_municipality_03743,03743,normal,l10n_hr_joppd_city_municipality,ROVINJ (ROVIGNO),3743,3743,6,HR8910010051737412001
l10n_hr_joppd_city_municipality_03751,03751,normal,l10n_hr_joppd_city_municipality,ROVIŠĆE,3751,3751,0,HR1910010051737512007
l10n_hr_joppd_city_municipality_03760,03760,normal,l10n_hr_joppd_city_municipality,RUGVICA,3760,3760,0,HR8410010051737612008
l10n_hr_joppd_city_municipality_03778,03778,normal,l10n_hr_joppd_city_municipality,RUŽIĆ,3778,3778,5,HR5210010051737712009
l10n_hr_joppd_city_municipality_03786,03786,normal,l10n_hr_joppd_city_municipality,SABORSKO,3786,3786,0,HR9610010051737812000
l10n_hr_joppd_city_municipality_03794,03794,normal,l10n_hr_joppd_city_municipality,SALI,3794,3794,0,HR1010010051737912003
l10n_hr_joppd_city_municipality_03808,03808,normal,l10n_hr_joppd_city_municipality,SAMOBOR,3808,3808,0,HR7510010051738012004
l10n_hr_joppd_city_municipality_03816,03816,normal,l10n_hr_joppd_city_municipality,SATNICA ĐAKOVAČKA,3816,3816,0,HR4310010051738112005
l10n_hr_joppd_city_municipality_03824,03824,normal,l10n_hr_joppd_city_municipality,SEGET,3824,3824,0,HR4910010051738212001
l10n_hr_joppd_city_municipality_03832,03832,normal,l10n_hr_joppd_city_municipality,SELCA,3832,3832,0,HR7610010051738312007
l10n_hr_joppd_city_municipality_03859,03859,normal,l10n_hr_joppd_city_municipality,SELNICA,3859,3859,0,HR1210010051738512009
l10n_hr_joppd_city_municipality_03867,03867,normal,l10n_hr_joppd_city_municipality,SEMELJCI,3867,3867,0,HR5610010051738612000
l10n_hr_joppd_city_municipality_03875,03875,normal,l10n_hr_joppd_city_municipality,SENJ,3875,3875,10,HR6710010051738712003
l10n_hr_joppd_city_municipality_03883,03883,normal,l10n_hr_joppd_city_municipality,SIBINJ,3883,3883,10,HR8910010051738812002
l10n_hr_joppd_city_municipality_03891,03891,normal,l10n_hr_joppd_city_municipality,SINJ,3891,3891,0,HR7310010051738912006
l10n_hr_joppd_city_municipality_03905,03905,normal,l10n_hr_joppd_city_municipality,SIRAČ,3905,3905,0,HR0910010051739012001
l10n_hr_joppd_city_municipality_03913,03913,normal,l10n_hr_joppd_city_municipality,SISAK,3913,3913,10,HR3610010051739112007
l10n_hr_joppd_city_municipality_03930,03930,normal,l10n_hr_joppd_city_municipality,SKRAD,3930,3930,0,HR6910010051739312009
l10n_hr_joppd_city_municipality_03948,03948,normal,l10n_hr_joppd_city_municipality,SKRADIN,3948,3948,5,HR1610010051739412000
l10n_hr_joppd_city_municipality_03956,03956,normal,l10n_hr_joppd_city_municipality,SLATINA,3956,3956,6,HR2710010051739512003
l10n_hr_joppd_city_municipality_03964,03964,normal,l10n_hr_joppd_city_municipality,SLAVONSKI BROD,3964,3964,6,HR4910010051739612002
l10n_hr_joppd_city_municipality_03972,03972,normal,l10n_hr_joppd_city_municipality,SLAVONSKI ŠAMAC,3972,3972,0,HR3310010051739712006
l10n_hr_joppd_city_municipality_03999,03999,normal,l10n_hr_joppd_city_municipality,SLIVNO,3999,3999,0,HR5010010051739912005
l10n_hr_joppd_city_municipality_04006,04006,normal,l10n_hr_joppd_city_municipality,SLUNJ,4006,4006,5,HR4510010051740012005
l10n_hr_joppd_city_municipality_04022,04022,normal,l10n_hr_joppd_city_municipality,SMOKVICA,4022,4022,0,HR7810010051740212007
l10n_hr_joppd_city_municipality_04057,04057,normal,l10n_hr_joppd_city_municipality,SOKOLOVAC,4057,4057,0,HR5810010051740512000
l10n_hr_joppd_city_municipality_04065,04065,normal,l10n_hr_joppd_city_municipality,SOLIN,4065,4065,10,HR6910010051740612003
l10n_hr_joppd_city_municipality_04073,04073,normal,l10n_hr_joppd_city_municipality,SOPJE,4073,4073,0,HR9110010051740712002
l10n_hr_joppd_city_municipality_04090,04090,normal,l10n_hr_joppd_city_municipality,SPLIT,4090,4090,10,HR2710010051740912004
l10n_hr_joppd_city_municipality_04103,04103,normal,l10n_hr_joppd_city_municipality,SRAČINEC,4103,4103,5,HR3810010051741012007
l10n_hr_joppd_city_municipality_04111,04111,normal,l10n_hr_joppd_city_municipality,STANKOVCI,4111,4111,0,HR0610010051741112008
l10n_hr_joppd_city_municipality_04120,04120,normal,l10n_hr_joppd_city_municipality,STARA GRADIŠKA,4120,4120,5,HR7110010051741212009
l10n_hr_joppd_city_municipality_04138,04138,normal,l10n_hr_joppd_city_municipality,STARI GRAD,4138,4138,10,HR1810010051741312000
l10n_hr_joppd_city_municipality_04146,04146,normal,l10n_hr_joppd_city_municipality,STARI JANKOVCI,4146,4146,0,HR2910010051741412003
l10n_hr_joppd_city_municipality_04154,04154,normal,l10n_hr_joppd_city_municipality,STARI MIKANOVCI,4154,4154,10,HR5110010051741512002
l10n_hr_joppd_city_municipality_04162,04162,normal,l10n_hr_joppd_city_municipality,STARIGRAD,4162,4162,0,HR3510010051741612006
l10n_hr_joppd_city_municipality_04189,04189,normal,l10n_hr_joppd_city_municipality,STARO PETROVO SELO,4189,4189,10,HR5210010051741812005
l10n_hr_joppd_city_municipality_04197,04197,normal,l10n_hr_joppd_city_municipality,STON,4197,4197,0,HR5810010051741912001
l10n_hr_joppd_city_municipality_04219,04219,normal,l10n_hr_joppd_city_municipality,STRIZIVOJNA,4219,4219,0,HR7510010051742112000
l10n_hr_joppd_city_municipality_04227,04227,normal,l10n_hr_joppd_city_municipality,STUBIČKE TOPLICE,4227,4227,0,HR8610010051742212003
l10n_hr_joppd_city_municipality_04235,04235,normal,l10n_hr_joppd_city_municipality,SUĆURAJ,4235,4235,0,HR1110010051742312002
l10n_hr_joppd_city_municipality_04243,04243,normal,l10n_hr_joppd_city_municipality,SUHOPOLJE,4243,4243,0,HR9210010051742412006
l10n_hr_joppd_city_municipality_04251,04251,normal,l10n_hr_joppd_city_municipality,SUKOŠAN,4251,4251,0,HR4410010051742512004
l10n_hr_joppd_city_municipality_04260,04260,normal,l10n_hr_joppd_city_municipality,SUNJA,4260,4260,0,HR1210010051742612005
l10n_hr_joppd_city_municipality_04278,04278,normal,l10n_hr_joppd_city_municipality,SUPETAR,4278,4278,0,HR1810010051742712001
l10n_hr_joppd_city_municipality_04286,04286,normal,l10n_hr_joppd_city_municipality,SVETI FILIP I JAKOV,4286,4286,10,HR4510010051742812007
l10n_hr_joppd_city_municipality_04294,04294,normal,l10n_hr_joppd_city_municipality,SVETI IVAN ZELINA,4294,4294,12,HR1310010051742912008
l10n_hr_joppd_city_municipality_04308,04308,normal,l10n_hr_joppd_city_municipality,SVETI KRIŽ ZAČRETJE,4308,4308,0,HR4610010051743012003
l10n_hr_joppd_city_municipality_04316,04316,normal,l10n_hr_joppd_city_municipality,SVETI LOVREČ,4316,4316,1,HR6810010051743112002
l10n_hr_joppd_city_municipality_04324,04324,normal,l10n_hr_joppd_city_municipality,SVETA NEDELJA (Labin),4324,4324,6,HR5210010051743212006
l10n_hr_joppd_city_municipality_04332,04332,normal,l10n_hr_joppd_city_municipality,SVETI PETAR U ŠUMI,4332,4332,7,HR0410010051743312004
l10n_hr_joppd_city_municipality_04359,04359,normal,l10n_hr_joppd_city_municipality,SVETVINČENAT,4359,4359,5,HR7510010051743512001
l10n_hr_joppd_city_municipality_04367,04367,normal,l10n_hr_joppd_city_municipality,SVETA NEDELJA (Samobor),4367,4367,0,HR0510010051743612007
l10n_hr_joppd_city_municipality_04375,04375,normal,l10n_hr_joppd_city_municipality,SVETI ĐURĐ,4375,4375,2,HR7010010051743712008
l10n_hr_joppd_city_municipality_04383,04383,normal,l10n_hr_joppd_city_municipality,SVETI ILIJA,4383,4383,0,HR3810010051743812009
l10n_hr_joppd_city_municipality_04391,04391,normal,l10n_hr_joppd_city_municipality,SVETI IVAN ŽABNO,4391,4391,0,HR8210010051743912000
l10n_hr_joppd_city_municipality_04405,04405,normal,l10n_hr_joppd_city_municipality,SVETI JURAJ NA BREGU,4405,4405,0,HR2310010051744012002
l10n_hr_joppd_city_municipality_04413,04413,normal,l10n_hr_joppd_city_municipality,SVETI MARTIN NA MURI,4413,4413,0,HR0710010051744112006
l10n_hr_joppd_city_municipality_04421,04421,normal,l10n_hr_joppd_city_municipality,SVETI PETAR OREHOVEC,4421,4421,0,HR5610010051744212004
l10n_hr_joppd_city_municipality_04430,04430,normal,l10n_hr_joppd_city_municipality,ŠESTANOVAC,4430,4430,0,HR2410010051744312005
l10n_hr_joppd_city_municipality_04448,04448,normal,l10n_hr_joppd_city_municipality,ŠIBENIK,4448,4448,10,HR3010010051744412001
l10n_hr_joppd_city_municipality_04456,04456,normal,l10n_hr_joppd_city_municipality,ŠKABRNJA,4456,4456,0,HR5710010051744512007
l10n_hr_joppd_city_municipality_04472,04472,normal,l10n_hr_joppd_city_municipality,ŠOLTA,4472,4472,0,HR9010010051744712009
l10n_hr_joppd_city_municipality_04499,04499,normal,l10n_hr_joppd_city_municipality,ŠPIŠIĆ BUKOVICA,4499,4499,6,HR4810010051744912003
l10n_hr_joppd_city_municipality_04502,04502,normal,l10n_hr_joppd_city_municipality,ŠTEFANJE,4502,4502,0,HR1610010051745012004
l10n_hr_joppd_city_municipality_04529,04529,normal,l10n_hr_joppd_city_municipality,ŠTRIGOVA,4529,4529,0,HR8710010051745212001
l10n_hr_joppd_city_municipality_04537,04537,normal,l10n_hr_joppd_city_municipality,TINJAN,4537,4537,5,HR1710010051745312007
l10n_hr_joppd_city_municipality_04545,04545,normal,l10n_hr_joppd_city_municipality,TISNO,4545,4545,9,HR8210010051745412008
l10n_hr_joppd_city_municipality_04553,04553,normal,l10n_hr_joppd_city_municipality,PLITVIČKA JEZERA,4553,4553,8,HR5010010051745512009
l10n_hr_joppd_city_municipality_04561,04561,normal,l10n_hr_joppd_city_municipality,TOMPOJEVCI,4561,4561,0,HR9410010051745612000
l10n_hr_joppd_city_municipality_04570,04570,normal,l10n_hr_joppd_city_municipality,TOPUSKO,4570,4570,0,HR0810010051745712003
l10n_hr_joppd_city_municipality_04588,04588,normal,l10n_hr_joppd_city_municipality,TORDINCI,4588,4588,5,HR3010010051745812002
l10n_hr_joppd_city_municipality_04596,04596,normal,l10n_hr_joppd_city_municipality,TOVARNIK,4596,4596,0,HR1410010051745912006
l10n_hr_joppd_city_municipality_04600,04600,normal,l10n_hr_joppd_city_municipality,TRILJ,4600,4600,0,HR4710010051746012001
l10n_hr_joppd_city_municipality_04618,04618,normal,l10n_hr_joppd_city_municipality,TRNAVA,4618,4618,0,HR7410010051746112007
l10n_hr_joppd_city_municipality_04626,04626,normal,l10n_hr_joppd_city_municipality,TRNOVEC BARTOLOVEČKI,4626,4626,7,HR4210010051746212008
l10n_hr_joppd_city_municipality_04634,04634,normal,l10n_hr_joppd_city_municipality,TROGIR,4634,4634,8,HR1010010051746312009
l10n_hr_joppd_city_municipality_04642,04642,normal,l10n_hr_joppd_city_municipality,TRPINJA,4642,4642,0,HR5410010051746412000
l10n_hr_joppd_city_municipality_04669,04669,normal,l10n_hr_joppd_city_municipality,TUHELJ,4669,4669,0,HR8710010051746612002
l10n_hr_joppd_city_municipality_04677,04677,normal,l10n_hr_joppd_city_municipality,UDBINA,4677,4677,5,HR7110010051746712006
l10n_hr_joppd_city_municipality_04685,04685,normal,l10n_hr_joppd_city_municipality,UMAG (UMAGO),4685,4685,6,HR2310010051746812004
l10n_hr_joppd_city_municipality_04693,04693,normal,l10n_hr_joppd_city_municipality,UNEŠIĆ,4693,4693,5,HR8810010051746912005
l10n_hr_joppd_city_municipality_04715,04715,normal,l10n_hr_joppd_city_municipality,VALPOVO,4715,4715,8,HR6710010051747112009
l10n_hr_joppd_city_municipality_04723,04723,normal,l10n_hr_joppd_city_municipality,VARAŽDIN,4723,4723,7.5,HR1410010051747212000
l10n_hr_joppd_city_municipality_04731,04731,normal,l10n_hr_joppd_city_municipality,VARAŽDINSKE TOPLICE,4731,4731,10,HR2510010051747312003
l10n_hr_joppd_city_municipality_04740,04740,normal,l10n_hr_joppd_city_municipality,VELA LUKA,4740,4740,9,HR4710010051747412002
l10n_hr_joppd_city_municipality_04758,04758,normal,l10n_hr_joppd_city_municipality,VELIKA,4758,4758,0,HR3110010051747512006
l10n_hr_joppd_city_municipality_04766,04766,normal,l10n_hr_joppd_city_municipality,VELIKA KOPANICA,4766,4766,7,HR8010010051747612004
l10n_hr_joppd_city_municipality_04774,04774,normal,l10n_hr_joppd_city_municipality,VELIKA LUDINA,4774,4774,0,HR4810010051747712005
l10n_hr_joppd_city_municipality_04782,04782,normal,l10n_hr_joppd_city_municipality,VELIKA PISANICA,4782,4782,0,HR5410010051747812001
l10n_hr_joppd_city_municipality_04804,04804,normal,l10n_hr_joppd_city_municipality,VELIKI GRĐEVAC,4804,4804,0,HR7110010051748012000
l10n_hr_joppd_city_municipality_04812,04812,normal,l10n_hr_joppd_city_municipality,VELIKO TRGOVIŠĆE,4812,4812,18445,HR8210010051748112003
l10n_hr_joppd_city_municipality_04839,04839,normal,l10n_hr_joppd_city_municipality,VELIKO TROJSTVO,4839,4839,0,HR8810010051748312006
l10n_hr_joppd_city_municipality_04847,04847,normal,l10n_hr_joppd_city_municipality,VIDOVEC,4847,4847,7,HR4010010051748412004
l10n_hr_joppd_city_municipality_04855,04855,normal,l10n_hr_joppd_city_municipality,VILJEVO,4855,4855,0,HR0810010051748512005
l10n_hr_joppd_city_municipality_04863,04863,normal,l10n_hr_joppd_city_municipality,VINICA,4863,4863,5,HR1410010051748612001
l10n_hr_joppd_city_municipality_04871,04871,normal,l10n_hr_joppd_city_municipality,VINKOVCI,4871,4871,10,HR4110010051748712007
l10n_hr_joppd_city_municipality_04880,04880,normal,l10n_hr_joppd_city_municipality,VINODOLSKA OPĆINA,4880,4880,0,HR0910010051748812008
l10n_hr_joppd_city_municipality_04898,04898,normal,l10n_hr_joppd_city_municipality,VIR,4898,4898,0,HR7410010051748912009
l10n_hr_joppd_city_municipality_04901,04901,normal,l10n_hr_joppd_city_municipality,VIRJE,4901,4901,0,HR5310010051749012006
l10n_hr_joppd_city_municipality_04910,04910,normal,l10n_hr_joppd_city_municipality,VIROVITICA,4910,4910,10,HR0510010051749112004
l10n_hr_joppd_city_municipality_04928,04928,normal,l10n_hr_joppd_city_municipality,VIS,4928,4928,3,HR7010010051749212005
l10n_hr_joppd_city_municipality_04936,04936,normal,l10n_hr_joppd_city_municipality,VISOKO,4936,4936,10,HR7610010051749312001
l10n_hr_joppd_city_municipality_04944,04944,normal,l10n_hr_joppd_city_municipality,VIŠKOVCI,4944,4944,0,HR0610010051749412007
l10n_hr_joppd_city_municipality_04952,04952,normal,l10n_hr_joppd_city_municipality,VIŠKOVO,4952,4952,0,HR7110010051749512008
l10n_hr_joppd_city_municipality_04979,04979,normal,l10n_hr_joppd_city_municipality,VIŠNJAN (VISIGNANO),4979,4979,5,HR8310010051749712000
l10n_hr_joppd_city_municipality_04987,04987,normal,l10n_hr_joppd_city_municipality,VIŽINADA (VISINADA),4987,4987,1,HR9410010051749812003
l10n_hr_joppd_city_municipality_04995,04995,normal,l10n_hr_joppd_city_municipality,VOĆIN,4995,4995,0,HR1910010051749912002
l10n_hr_joppd_city_municipality_05002,05002,normal,l10n_hr_joppd_city_municipality,VODICE,5002,5002,6,HR1910010051750012009
l10n_hr_joppd_city_municipality_05029,05029,normal,l10n_hr_joppd_city_municipality,VODNJAN (DIGNANO),5029,5029,42497,HR7410010051750212003
l10n_hr_joppd_city_municipality_05037,05037,normal,l10n_hr_joppd_city_municipality,VOJNIĆ,5037,5037,18445,HR9610010051750312002
l10n_hr_joppd_city_municipality_05045,05045,normal,l10n_hr_joppd_city_municipality,VRATIŠINEC,5045,5045,0,HR8010010051750412006
l10n_hr_joppd_city_municipality_05053,05053,normal,l10n_hr_joppd_city_municipality,VRBANJA,5053,5053,5,HR3210010051750512004
l10n_hr_joppd_city_municipality_05061,05061,normal,l10n_hr_joppd_city_municipality,VRBJE,5061,5061,3,HR9710010051750612005
l10n_hr_joppd_city_municipality_05070,05070,normal,l10n_hr_joppd_city_municipality,VRBNIK,5070,5070,0,HR0610010051750712001
l10n_hr_joppd_city_municipality_05088,05088,normal,l10n_hr_joppd_city_municipality,VRBOVEC,5088,5088,12,HR3310010051750812007
l10n_hr_joppd_city_municipality_05096,05096,normal,l10n_hr_joppd_city_municipality,VRBOVSKO,5096,5096,10,HR9810010051750912008
l10n_hr_joppd_city_municipality_05100,05100,normal,l10n_hr_joppd_city_municipality,GVOZD,5100,5100,0,HR3410010051751012003
l10n_hr_joppd_city_municipality_05118,05118,normal,l10n_hr_joppd_city_municipality,VRGORAC,5118,5118,10,HR5610010051751112002
l10n_hr_joppd_city_municipality_05126,05126,normal,l10n_hr_joppd_city_municipality,VRHOVINE,5126,5126,5,HR4010010051751212006
l10n_hr_joppd_city_municipality_05134,05134,normal,l10n_hr_joppd_city_municipality,VRLIKA,5134,5134,7,HR8910010051751312004
l10n_hr_joppd_city_municipality_05142,05142,normal,l10n_hr_joppd_city_municipality,VRPOLJE,5142,5142,0,HR5710010051751412005
l10n_hr_joppd_city_municipality_05169,05169,normal,l10n_hr_joppd_city_municipality,VRSAR (ORSERA),5169,5169,0,HR9010010051751612007
l10n_hr_joppd_city_municipality_05177,05177,normal,l10n_hr_joppd_city_municipality,VUKA,5177,5177,0,HR5810010051751712008
l10n_hr_joppd_city_municipality_05185,05185,normal,l10n_hr_joppd_city_municipality,VUKOVAR,5185,5185,0,HR2610010051751812009
l10n_hr_joppd_city_municipality_05193,05193,normal,l10n_hr_joppd_city_municipality,ZABOK,5193,5193,0,HR7010010051751912000
l10n_hr_joppd_city_municipality_05207,05207,normal,l10n_hr_joppd_city_municipality,ZADAR,5207,5207,12,HR1110010051752012002
l10n_hr_joppd_city_municipality_05215,05215,normal,l10n_hr_joppd_city_municipality,ZAGORSKA SELA,5215,5215,0,HR9210010051752112006
l10n_hr_joppd_city_municipality_05223,05223,normal,l10n_hr_joppd_city_municipality,ZAGVOZD,5223,5223,6,HR4410010051752212004
l10n_hr_joppd_city_municipality_05231,05231,normal,l10n_hr_joppd_city_municipality,ZAŽABLJE,5231,5231,0,HR1210010051752312005
l10n_hr_joppd_city_municipality_05240,05240,normal,l10n_hr_joppd_city_municipality,ZDENCI,5240,5240,0,HR1810010051752412001
l10n_hr_joppd_city_municipality_05258,05258,normal,l10n_hr_joppd_city_municipality,ZEMUNIK DONJI,5258,5258,0,HR4510010051752512007
l10n_hr_joppd_city_municipality_05266,05266,normal,l10n_hr_joppd_city_municipality,ZLATAR,5266,5266,10,HR1310010051752612008
l10n_hr_joppd_city_municipality_05274,05274,normal,l10n_hr_joppd_city_municipality,ZLATAR BISTRICA,5274,5274,5,HR7810010051752712009
l10n_hr_joppd_city_municipality_05282,05282,normal,l10n_hr_joppd_city_municipality,ZMIJAVCI,5282,5282,8,HR2510010051752812000
l10n_hr_joppd_city_municipality_05304,05304,normal,l10n_hr_joppd_city_municipality,ŽAKANJE,5304,5304,0,HR0410010051753012004
l10n_hr_joppd_city_municipality_05312,05312,normal,l10n_hr_joppd_city_municipality,ŽMINJ,5312,5312,10,HR6910010051753112005
l10n_hr_joppd_city_municipality_05339,05339,normal,l10n_hr_joppd_city_municipality,KRAŠIĆ,5339,5339,6,HR0510010051753312007
l10n_hr_joppd_city_municipality_05347,05347,normal,l10n_hr_joppd_city_municipality,ŽUPANJA,5347,5347,9,HR7010010051753412008
l10n_hr_joppd_city_municipality_05355,05355,normal,l10n_hr_joppd_city_municipality,OTOK (Vinkovci),5355,5355,10,HR3810010051753512009
l10n_hr_joppd_city_municipality_05363,05363,normal,l10n_hr_joppd_city_municipality,RAKOVEC,5363,5363,3,HR8210010051753612000
l10n_hr_joppd_city_municipality_05371,05371,normal,l10n_hr_joppd_city_municipality,NOVIGRAD,5371,5371,0,HR9310010051753712003
l10n_hr_joppd_city_municipality_05380,05380,normal,l10n_hr_joppd_city_municipality,KOSTRENA,5380,5380,0,HR1810010051753812002
l10n_hr_joppd_city_municipality_05398,05398,normal,l10n_hr_joppd_city_municipality,MARIJA GORICA,5398,5398,10,HR0210010051753912006
l10n_hr_joppd_city_municipality_05401,05401,normal,l10n_hr_joppd_city_municipality,ŽUMBERAK,5401,5401,3,HR3510010051754012001
l10n_hr_joppd_city_municipality_05410,05410,normal,l10n_hr_joppd_city_municipality,VELIKA GORICA,5410,5410,12,HR6210010051754112007
l10n_hr_joppd_city_municipality_05428,05428,normal,l10n_hr_joppd_city_municipality,ORLE,5428,5428,5,HR3010010051754212008
l10n_hr_joppd_city_municipality_05436,05436,normal,l10n_hr_joppd_city_municipality,ZAPREŠIĆ,5436,5436,12,HR9510010051754312009
l10n_hr_joppd_city_municipality_05444,05444,normal,l10n_hr_joppd_city_municipality,POKUPSKO,5444,5444,5,HR4210010051754412000
l10n_hr_joppd_city_municipality_05452,05452,normal,l10n_hr_joppd_city_municipality,KRAVARSKO,5452,5452,5,HR5310010051754512003
l10n_hr_joppd_city_municipality_05479,05479,normal,l10n_hr_joppd_city_municipality,BISTRA,5479,5479,10,HR5910010051754712006
l10n_hr_joppd_city_municipality_05487,05487,normal,l10n_hr_joppd_city_municipality,LUKA,5487,5487,5,HR1110010051754812004
l10n_hr_joppd_city_municipality_05495,05495,normal,l10n_hr_joppd_city_municipality,DUBRAVICA,5495,5495,10,HR7610010051754912005
l10n_hr_joppd_city_municipality_05509,05509,normal,l10n_hr_joppd_city_municipality,BEDENICA,5509,5509,3,HR8710010051755012008
l10n_hr_joppd_city_municipality_05517,05517,normal,l10n_hr_joppd_city_municipality,STUPNIK,5517,5517,6,HR5510010051755112009
l10n_hr_joppd_city_municipality_05525,05525,normal,l10n_hr_joppd_city_municipality,JESENJE,5525,5525,0,HR0210010051755212000
l10n_hr_joppd_city_municipality_05533,05533,normal,l10n_hr_joppd_city_municipality,KUMROVEC,5533,5533,0,HR1310010051755312003
l10n_hr_joppd_city_municipality_05541,05541,normal,l10n_hr_joppd_city_municipality,NOVI GOLUBOVEC,5541,5541,0,HR3510010051755412002
l10n_hr_joppd_city_municipality_05550,05550,normal,l10n_hr_joppd_city_municipality,MAJUR,5550,5550,5,HR1910010051755512006
l10n_hr_joppd_city_municipality_05568,05568,normal,l10n_hr_joppd_city_municipality,RIBNIK,5568,5568,5,HR6810010051755612004
l10n_hr_joppd_city_municipality_05576,05576,normal,l10n_hr_joppd_city_municipality,TOUNJ,5576,5576,0,HR3610010051755712005
l10n_hr_joppd_city_municipality_05584,05584,normal,l10n_hr_joppd_city_municipality,VELIKI BUKOVEC,5584,5584,5,HR4210010051755812001
l10n_hr_joppd_city_municipality_05592,05592,normal,l10n_hr_joppd_city_municipality,KALINOVAC,5592,5592,0,HR6910010051755912007
l10n_hr_joppd_city_municipality_05606,05606,normal,l10n_hr_joppd_city_municipality,KALNIK,5606,5606,0,HR5910010051756012000
l10n_hr_joppd_city_municipality_05614,05614,normal,l10n_hr_joppd_city_municipality,NOVO VIRJE,5614,5614,0,HR7010010051756112003
l10n_hr_joppd_city_municipality_05622,05622,normal,l10n_hr_joppd_city_municipality,SEVERIN,5622,5622,0,HR9210010051756212002
l10n_hr_joppd_city_municipality_05649,05649,normal,l10n_hr_joppd_city_municipality,ŠANDROVAC,5649,5649,0,HR2810010051756412004
l10n_hr_joppd_city_municipality_05657,05657,normal,l10n_hr_joppd_city_municipality,VELIKA TRNOVITICA,5657,5657,0,HR9310010051756512005
l10n_hr_joppd_city_municipality_05665,05665,normal,l10n_hr_joppd_city_municipality,ZRINSKI TOPOLOVAC,5665,5665,0,HR0210010051756612001
l10n_hr_joppd_city_municipality_05673,05673,normal,l10n_hr_joppd_city_municipality,BUKOVLJE,5673,5673,10,HR2910010051756712007
l10n_hr_joppd_city_municipality_05681,05681,normal,l10n_hr_joppd_city_municipality,DRAGALIĆ,5681,5681,10,HR9410010051756812008
l10n_hr_joppd_city_municipality_05690,05690,normal,l10n_hr_joppd_city_municipality,GORNJA VRBA,5690,5690,0,HR6210010051756912009
l10n_hr_joppd_city_municipality_05703,05703,normal,l10n_hr_joppd_city_municipality,SIKIREVCI,5703,5703,0,HR4110010051757012006
l10n_hr_joppd_city_municipality_05711,05711,normal,l10n_hr_joppd_city_municipality,GALOVAC,5711,5711,0,HR9010010051757112004
l10n_hr_joppd_city_municipality_05720,05720,normal,l10n_hr_joppd_city_municipality,KUKLJICA,5720,5720,0,HR5810010051757212005
l10n_hr_joppd_city_municipality_05738,05738,normal,l10n_hr_joppd_city_municipality,POVLJANA,5738,5738,0,HR6410010051757312001
l10n_hr_joppd_city_municipality_05746,05746,normal,l10n_hr_joppd_city_municipality,PRIVLAKA (Zadar),5746,5746,0,HR9110010051757412007
l10n_hr_joppd_city_municipality_05754,05754,normal,l10n_hr_joppd_city_municipality,TKON,5754,5754,0,HR5910010051757512008
l10n_hr_joppd_city_municipality_05762,05762,normal,l10n_hr_joppd_city_municipality,DONJA MOTIČINA,5762,5762,0,HR2710010051757612009
l10n_hr_joppd_city_municipality_05789,05789,normal,l10n_hr_joppd_city_municipality,MAGADENOVAC,5789,5789,2,HR8210010051757812003
l10n_hr_joppd_city_municipality_05797,05797,normal,l10n_hr_joppd_city_municipality,VLADISLAVCI,5797,5797,0,HR0710010051757912002
l10n_hr_joppd_city_municipality_05819,05819,normal,l10n_hr_joppd_city_municipality,PIROVAC,5819,5819,6,HR2410010051758112001
l10n_hr_joppd_city_municipality_05827,05827,normal,l10n_hr_joppd_city_municipality,ROGOZNICA,5827,5827,0,HR5110010051758212007
l10n_hr_joppd_city_municipality_05835,05835,normal,l10n_hr_joppd_city_municipality,PRIVLAKA (Vukovar),5835,5835,0,HR1910010051758312008
l10n_hr_joppd_city_municipality_05843,05843,normal,l10n_hr_joppd_city_municipality,VOĐINCI,5843,5843,0,HR8410010051758412009
l10n_hr_joppd_city_municipality_05851,05851,normal,l10n_hr_joppd_city_municipality,DUGOPOLJE,5851,5851,0,HR3110010051758512000
l10n_hr_joppd_city_municipality_05860,05860,normal,l10n_hr_joppd_city_municipality,LEĆEVICA,5860,5860,0,HR4210010051758612003
l10n_hr_joppd_city_municipality_05878,05878,normal,l10n_hr_joppd_city_municipality,LOKVIČIĆI,5878,5878,7,HR6410010051758712002
l10n_hr_joppd_city_municipality_05886,05886,normal,l10n_hr_joppd_city_municipality,OKRUG,5886,5886,0,HR4810010051758812006
l10n_hr_joppd_city_municipality_05894,05894,normal,l10n_hr_joppd_city_municipality,PRGOMET,5894,5894,0,HR9710010051758912004
l10n_hr_joppd_city_municipality_05908,05908,normal,l10n_hr_joppd_city_municipality,PRIMORSKI DOLAC,5908,5908,0,HR1110010051759012007
l10n_hr_joppd_city_municipality_05916,05916,normal,l10n_hr_joppd_city_municipality,RUNOVIĆI,5916,5916,6,HR7610010051759112008
l10n_hr_joppd_city_municipality_05924,05924,normal,l10n_hr_joppd_city_municipality,SUTIVAN,5924,5924,10,HR4410010051759212009
l10n_hr_joppd_city_municipality_05932,05932,normal,l10n_hr_joppd_city_municipality,TUČEPI,5932,5932,10,HR8810010051759312000
l10n_hr_joppd_city_municipality_05959,05959,normal,l10n_hr_joppd_city_municipality,ZADVARJE,5959,5959,0,HR2410010051759512002
l10n_hr_joppd_city_municipality_05967,05967,normal,l10n_hr_joppd_city_municipality,KAROJBA,5967,5967,5,HR0810010051759612006
l10n_hr_joppd_city_municipality_05975,05975,normal,l10n_hr_joppd_city_municipality,KAŠTELIR - LABINCI (CASTELLIERE - S. DOMENICA),5975,5975,5,HR5710010051759712004
l10n_hr_joppd_city_municipality_05983,05983,normal,l10n_hr_joppd_city_municipality,DUBROVAČKO PRIMORJE,5983,5983,10,HR2510010051759812005
l10n_hr_joppd_city_municipality_05991,05991,normal,l10n_hr_joppd_city_municipality,JANJINA,5991,5991,0,HR3110010051759912001
l10n_hr_joppd_city_municipality_06009,06009,normal,l10n_hr_joppd_city_municipality,LUMBARDA,6009,6009,5,HR9610010051760012002
l10n_hr_joppd_city_municipality_06017,06017,normal,l10n_hr_joppd_city_municipality,TRPANJ,6017,6017,10,HR8010010051760112006
l10n_hr_joppd_city_municipality_06025,06025,normal,l10n_hr_joppd_city_municipality,ŽUPA DUBROVAČKA,6025,6025,10,HR3210010051760212004
l10n_hr_joppd_city_municipality_06033,06033,normal,l10n_hr_joppd_city_municipality,DEKANOVEC,6033,6033,0,HR9710010051760312005
l10n_hr_joppd_city_municipality_06041,06041,normal,l10n_hr_joppd_city_municipality,GORNJI MIHALJEVEC,6041,6041,0,HR0610010051760412001
l10n_hr_joppd_city_municipality_06050,06050,normal,l10n_hr_joppd_city_municipality,OREHOVICA,6050,6050,0,HR3310010051760512007
l10n_hr_joppd_city_municipality_06068,06068,normal,l10n_hr_joppd_city_municipality,STRAHONINEC,6068,6068,0,HR0110010051760612008
l10n_hr_joppd_city_municipality_06076,06076,normal,l10n_hr_joppd_city_municipality,SVETA MARIJA,6076,6076,0,HR6610010051760712009
l10n_hr_joppd_city_municipality_06084,06084,normal,l10n_hr_joppd_city_municipality,ŠENKOVEC,6084,6084,0,HR1310010051760812000
l10n_hr_joppd_city_municipality_06092,06092,normal,l10n_hr_joppd_city_municipality,JAGODNJAK,6092,6092,3,HR2410010051760912003
l10n_hr_joppd_city_municipality_06106,06106,normal,l10n_hr_joppd_city_municipality,MARKUŠICA,6106,6106,5,HR8910010051761012004
l10n_hr_joppd_city_municipality_06122,06122,normal,l10n_hr_joppd_city_municipality,NEGOSLAVCI,6122,6122,5,HR6310010051761212001
l10n_hr_joppd_city_municipality_06149,06149,normal,l10n_hr_joppd_city_municipality,ŠODOLOVCI,6149,6149,0,HR5810010051761412008
l10n_hr_joppd_city_municipality_06165,06165,normal,l10n_hr_joppd_city_municipality,PODRAVSKE SESVETE,6165,6165,0,HR7010010051761612000
l10n_hr_joppd_city_municipality_06173,06173,normal,l10n_hr_joppd_city_municipality,MURTER - KORNATI,6173,6173,6,HR8110010051761712003
l10n_hr_joppd_city_municipality_06181,06181,normal,l10n_hr_joppd_city_municipality,GORNJA RIJEKA,6181,6181,15,HR0610010051761812002
l10n_hr_joppd_city_municipality_06190,06190,normal,l10n_hr_joppd_city_municipality,FAŽANA (FASANA),6190,6190,3,HR8710010051761912006
l10n_hr_joppd_city_municipality_06203,06203,normal,l10n_hr_joppd_city_municipality,PRIBISLAVEC,6203,6203,0,HR2310010051762012001
l10n_hr_joppd_city_municipality_06211,06211,normal,l10n_hr_joppd_city_municipality,BILICE,6211,6211,10,HR5010010051762112007
l10n_hr_joppd_city_municipality_06220,06220,normal,l10n_hr_joppd_city_municipality,KOLAN,6220,6220,0,HR1810010051762212008
l10n_hr_joppd_city_municipality_06238,06238,normal,l10n_hr_joppd_city_municipality,KAMANJE,6238,6238,10,HR8310010051762312009
l10n_hr_joppd_city_municipality_06246,06246,normal,l10n_hr_joppd_city_municipality,LOPAR,6246,6246,0,HR3010010051762412000
l10n_hr_joppd_city_municipality_06254,06254,normal,l10n_hr_joppd_city_municipality,VRSI,6254,6254,0,HR4110010051762512003
l10n_hr_joppd_city_municipality_06262,06262,normal,l10n_hr_joppd_city_municipality,TRIBUNJ,6262,6262,6,HR6310010051762612002
l10n_hr_joppd_city_municipality_06289,06289,normal,l10n_hr_joppd_city_municipality,ŠTITAR,6289,6289,5,HR9610010051762812004
l10n_hr_joppd_city_municipality_06297,06297,normal,l10n_hr_joppd_city_municipality,FUNTANA (FONTANE),6297,6297,0,HR6410010051762912005
l10n_hr_joppd_city_municipality_06319,06319,normal,l10n_hr_joppd_city_municipality,TAR - VABRIGA (TORRE – ABREGA),6319,6319,0,HR4310010051763112009
l10n_hr_joppd_city_municipality_99404,99404,normal,l10n_hr_joppd_city_municipality,AUSTRIJA,404,404,0,
l10n_hr_joppd_city_municipality_99056,99056,normal,l10n_hr_joppd_city_municipality,BELGIJA,056,056,0,
l10n_hr_joppd_city_municipality_99203,99203,normal,l10n_hr_joppd_city_municipality,ČEŠKA,203,203,0,
l10n_hr_joppd_city_municipality_99208,99208,normal,l10n_hr_joppd_city_municipality,DANSKA,208,208,0,
l10n_hr_joppd_city_municipality_99250,99250,normal,l10n_hr_joppd_city_municipality,FRANCUSKA,250,250,0,
l10n_hr_joppd_city_municipality_99348,99348,normal,l10n_hr_joppd_city_municipality,MAĐARSKA,348,348,0,
l10n_hr_joppd_city_municipality_99380,99380,normal,l10n_hr_joppd_city_municipality,ITALIJA,380,380,0,
l10n_hr_joppd_city_municipality_99442,99442,normal,l10n_hr_joppd_city_municipality,LUKSEMBURG,442,442,0,
l10n_hr_joppd_city_municipality_99528,99528,normal,l10n_hr_joppd_city_municipality,NIZOZEMSKA,528,528,0,
l10n_hr_joppd_city_municipality_99616,99616,normal,l10n_hr_joppd_city_municipality,POLJSKA,616,616,0,
l10n_hr_joppd_city_municipality_99703,99703,normal,l10n_hr_joppd_city_municipality,SLOVAČKA,703,703,0,
l10n_hr_joppd_city_municipality_99705,99705,normal,l10n_hr_joppd_city_municipality,SLOVENIJA,705,705,0,
l10n_hr_joppd_city_municipality_99756,99756,normal,l10n_hr_joppd_city_municipality,ŠVICARSKA,756,756,0,